{
    "category": {
        "1": 1250,
        "0": 5691,
        "sum": 6941
    },
    "average_len": {
        "1": 148.9312,
        "0": 180.8262168335969,
        "sum": 175.08226480334247
    }
}